n,naive(ms),2way(ms),unrolled(ms),unrolled_64(ms),unrolled_128(ms)
64,0.000184,0.000133,9.7e-05,9e-05,0.000238
128,0.000457,0.000308,0.000271,0.000213,0.000216
192,0.000712,0.000454,0.00035,0.000318,0.000441
256,0.000909,0.000597,0.000476,0.000416,0.000415
320,0.001146,0.000978,0.000788,0.000718,0.001142
384,0.001369,0.0012,0.000828,0.000682,0.000529
448,0.001266,0.000816,0.000645,0.00058,0.000675
512,0.001441,0.000925,0.000756,0.000651,0.000646
576,0.001617,0.001039,0.000821,0.000739,0.000831
640,0.001807,0.001186,0.000915,0.000816,0.000812
704,0.001988,0.001275,0.001008,0.00091,0.001
768,0.002191,0.001383,0.001096,0.000979,0.000974
832,0.002348,0.001537,0.001187,0.001061,0.001153
896,0.002529,0.001772,0.002569,0.00213,0.001895
960,0.003357,0.001993,0.001556,0.001417,0.001483
1024,0.003934,0.003603,0.002849,0.002127,0.001314
1088,0.00307,0.001951,0.00155,0.001385,0.001497
1152,0.003253,0.002062,0.001641,0.001481,0.001497
1216,0.003432,0.002177,0.001729,0.001546,0.001636
1280,0.003613,0.002304,0.001819,0.001626,0.001646
1344,0.004771,0.003063,0.002226,0.001991,0.002401
1408,0.004872,0.004664,0.003083,0.001782,0.001774
1472,0.004151,0.002656,0.002079,0.00186,0.001947
1536,0.004331,0.002733,0.002173,0.00196,0.001951
1600,0.004518,0.002856,0.002272,0.002032,0.002133
1664,0.005564,0.004853,0.004025,0.002722,0.002193
1728,0.006063,0.004708,0.003916,0.003432,0.002433
1792,0.005085,0.00322,0.002576,0.002277,0.002535
1856,0.005238,0.00338,0.002653,0.002373,0.002464
1920,0.005484,0.004179,0.003465,0.003375,0.004016
1984,0.007001,0.003746,0.002892,0.002598,0.002678
2048,0.005815,0.003766,0.002951,0.002644,0.002632
2112,0.006017,0.00387,0.00306,0.002757,0.002828
2176,0.006235,0.005861,0.00453,0.003064,0.003076
2240,0.007903,0.006291,0.003187,0.002909,0.002965
2304,0.006505,0.004183,0.003275,0.002962,0.002965
2368,0.006797,0.004403,0.003554,0.003213,0.003202
2432,0.008753,0.00591,0.0047,0.003892,0.003119
2496,0.008838,0.005416,0.003545,0.00317,0.003252
2560,0.007234,0.004678,0.003678,0.003325,0.003308
2624,0.009629,0.005343,0.003828,0.003499,0.003639
2688,0.007749,0.005183,0.003859,0.003511,0.003514
2752,0.007767,0.004998,0.003905,0.003494,0.003576
2816,0.009334,0.006433,0.004717,0.004245,0.003768
2880,0.008343,0.005313,0.004154,0.003797,0.003888
2944,0.012897,0.006663,0.004253,0.003815,0.005984
3008,0.008647,0.00555,0.004422,0.003984,0.004086
3072,0.008891,0.005587,0.004474,0.004087,0.0041
3136,0.009121,0.005716,0.004628,0.005879,0.005465
3200,0.00927,0.005893,0.004662,0.004255,0.004243
3264,0.009396,0.00596,0.00474,0.004367,0.00444
3328,0.011256,0.006129,0.004858,0.004454,0.004503
3392,0.009797,0.006245,0.004926,0.004545,0.004647
3456,0.012431,0.00631,0.005057,0.004682,0.004665
3520,0.010219,0.006626,0.005133,0.00471,0.004777
3584,0.012818,0.007021,0.005179,0.004699,0.004677
3648,0.012204,0.006751,0.005266,0.004856,0.004958
3712,0.010669,0.006767,0.005331,0.004962,0.005013
3776,0.012273,0.006993,0.00542,0.005036,0.005185
3840,0.013003,0.007218,0.005543,0.005117,0.005166
3904,0.013398,0.007066,0.005688,0.005228,0.005354
3968,0.012054,0.007571,0.005771,0.005308,0.005318
4032,0.01423,0.007378,0.005821,0.005512,0.005511
4096,0.01422,0.00744,0.005851,0.005325,0.00537
4160,0.016804,0.007524,0.005936,0.005502,0.005613
4224,0.012035,0.007741,0.006071,0.005536,0.00553
4288,0.014019,0.008413,0.011714,0.010364,0.006193
4352,0.013636,0.007969,0.006275,0.005668,0.005667
4416,0.015449,0.008081,0.006408,0.005981,0.006063
4480,0.014816,0.008015,0.006396,0.005928,0.005975
4544,0.01459,0.008437,0.006618,0.00602,0.006136
4608,0.018307,0.008334,0.006573,0.00607,0.006122
4672,0.016413,0.008598,0.006671,0.006225,0.006372
4736,0.015154,0.00873,0.006784,0.00637,0.006454
4800,0.016199,0.01051,0.006854,0.006397,0.006566
4864,0.019018,0.008847,0.006987,0.006421,0.006504
4928,0.014841,0.008685,0.006992,0.006501,0.006644
4992,0.015475,0.009188,0.007281,0.006632,0.006631
5056,0.01607,0.009089,0.007179,0.00652,0.006726
5120,0.019308,0.009423,0.007495,0.00683,0.006893
5184,0.016279,0.009159,0.00736,0.006968,0.007049
5248,0.015107,0.009658,0.007607,0.006879,0.006871
5312,0.015288,0.009911,0.007737,0.007251,0.007397
5376,0.0167,0.009605,0.00761,0.007116,0.007162
5440,0.017528,0.009835,0.007759,0.007203,0.007376
5504,0.021468,0.010026,0.007896,0.007356,0.007441
5568,0.015878,0.010172,0.008031,0.007515,0.007681
5632,0.017023,0.010166,0.007986,0.007417,0.007449
5696,0.01889,0.010358,0.008171,0.007605,0.007856
5760,0.016568,0.010551,0.008318,0.007637,0.007654
5824,0.017698,0.010434,0.008308,0.007722,0.007861
5888,0.018998,0.010782,0.008494,0.007994,0.007969
5952,0.019031,0.010541,0.008465,0.007967,0.008012
6016,0.017058,0.011043,0.008859,0.008053,0.008148
6080,0.017468,0.011189,0.008824,0.008321,0.008369
6144,0.017774,0.011304,0.008918,0.008286,0.008347
6208,0.020143,0.011421,0.009013,0.008377,0.008602
6272,0.018088,0.011547,0.009103,0.008617,0.008636
6336,0.018336,0.011703,0.009248,0.008619,0.008783
6400,0.020665,0.011577,0.00913,0.008516,0.00859
6464,0.020558,0.011833,0.009386,0.008755,0.008887
6528,0.018775,0.011985,0.009557,0.008698,0.008709
6592,0.02073,0.011705,0.009361,0.008781,0.008919
6656,0.020352,0.012276,0.009683,0.009019,0.009069
6720,0.0219,0.012573,0.009915,0.009126,0.009324
6784,0.02133,0.01263,0.009973,0.009131,0.009172
6848,0.019929,0.012526,0.010254,0.009377,0.009886
6912,0.021525,0.012364,0.010003,0.009139,0.009115
6976,0.025716,0.012989,0.010178,0.009438,0.009599
7040,0.026123,0.021104,0.015916,0.0108,0.009649
7104,0.020691,0.013189,0.010433,0.009711,0.0098
7168,0.024934,0.012827,0.010161,0.009745,0.009732
7232,0.022835,0.013266,0.010442,0.011422,0.011973
7296,0.022181,0.013187,0.010401,0.009763,0.010008
7360,0.021171,0.01358,0.010587,0.009861,0.01
7424,0.026344,0.013699,0.010615,0.009852,0.009924
7488,0.023524,0.013921,0.011025,0.00976,0.009918
7552,0.022915,0.013569,0.010906,0.010033,0.010129
7616,0.023526,0.014178,0.011284,0.010403,0.010663
7680,0.022948,0.013809,0.010961,0.009962,0.009951
7744,0.026002,0.013979,0.01138,0.010309,0.010482
7808,0.022254,0.013899,0.01124,0.010231,0.010258
7872,0.024355,0.014143,0.011221,0.010493,0.010691
7936,0.024174,0.014574,0.011511,0.010752,0.010848
8000,0.028099,0.015308,0.011462,0.010479,0.010631
8064,0.025544,0.017503,0.01175,0.010923,0.011037
8128,0.023379,0.01495,0.011841,0.011072,0.011009
8192,0.024918,0.014722,0.011746,0.011125,0.01105
8256,0.026068,0.015096,0.012063,0.011002,0.011151
8320,0.025625,0.015032,0.012044,0.012153,0.011821
8384,0.025503,0.015511,0.012286,0.011375,0.011503
8448,0.026042,0.015663,0.012369,0.011211,0.011262
8512,0.024764,0.015847,0.012528,0.0117,0.011877
8576,0.026579,0.015658,0.012448,0.011695,0.012193
8640,0.026583,0.01587,0.012577,0.011875,0.012091
8704,0.02536,0.016204,0.012792,0.011617,0.01158
8768,0.027024,0.016223,0.012809,0.011638,0.011736
8832,0.026528,0.016341,0.012893,0.012022,0.013121
8896,0.02663,0.016035,0.012903,0.012042,0.012348
8960,0.025984,0.016577,0.013086,0.011913,0.012123
9024,0.02626,0.016793,0.013249,0.012376,0.012583
9088,0.027264,0.016914,0.013359,0.012298,0.012441
9152,0.02843,0.016932,0.013362,0.012512,0.013572
9216,0.028615,0.025933,0.022541,0.020229,0.02025
9280,0.02947,0.017378,0.013737,0.012782,0.013015
9344,0.027193,0.017542,0.013901,0.012599,0.012544
9408,0.02876,0.017548,0.0138,0.012902,0.013158
9472,0.027586,0.017632,0.013919,0.013059,0.01318
9536,0.027948,0.01795,0.014113,0.013137,0.013362
9600,0.030123,0.017871,0.014099,0.013259,0.013271
9664,0.032183,0.026481,0.019283,0.01461,0.013457
9728,0.029158,0.01786,0.014289,0.020285,0.020352
9792,0.03008,0.018489,0.014569,0.013239,0.013335
9856,0.028737,0.018358,0.014562,0.013652,0.013684
9920,0.031807,0.018531,0.014555,0.013731,0.013917
9984,0.031214,0.0189,0.014946,0.01358,0.013565
10048,0.032408,0.018931,0.01487,0.013943,0.014124
10112,0.030938,0.018961,0.016126,0.013624,0.013641
10176,0.031912,0.019054,0.01527,0.013721,0.013766
10240,0.032909,0.019203,0.015188,0.014143,0.014152
10304,0.031221,0.019119,0.015265,0.014094,0.014288
10368,0.032142,0.018923,0.015411,0.0142,0.014458
10432,0.033041,0.019249,0.015193,0.014242,0.016125
10496,0.032581,0.019589,0.015723,0.014388,0.014522
10560,0.032641,0.019553,0.015511,0.014201,0.014216
10624,0.033043,0.019723,0.015596,0.014579,0.014709
10688,0.033056,0.019894,0.015723,0.014691,0.014894
10752,0.034066,0.020586,0.015966,0.017249,0.018749
10816,0.033527,0.020233,0.016054,0.014629,0.014659
10880,0.033228,0.02029,0.016005,0.014838,0.015057
10944,0.036097,0.02019,0.015974,0.014909,0.015202
11008,0.031845,0.020309,0.016077,0.014614,0.014628
11072,0.032229,0.020585,0.017762,0.016184,0.014874
11136,0.033856,0.020755,0.016328,0.015215,0.015375
11200,0.032593,0.020848,0.016379,0.015377,0.015553
11264,0.035139,0.0213,0.016658,0.018056,0.01616
11328,0.034972,0.020774,0.016597,0.015505,0.015641
11392,0.033064,0.021293,0.016746,0.015295,0.015351
11456,0.035273,0.021316,0.01684,0.015494,0.015761
11520,0.03364,0.021467,0.017141,0.015928,0.015935
11584,0.036542,0.021557,0.01713,0.015503,0.015612
11648,0.035014,0.021676,0.017014,0.015658,0.015772
11712,0.035585,0.021968,0.017401,0.016453,0.0165
11776,0.034507,0.022137,0.017449,0.015999,0.016017
11840,0.034685,0.022299,0.017557,0.016025,0.016094
11904,0.036217,0.02226,0.017605,0.016027,0.016091
11968,0.035005,0.02335,0.019604,0.016376,0.016567
12032,0.037727,0.02241,0.017668,0.016563,0.019152
12096,0.035359,0.022511,0.017758,0.016636,0.016831
12160,0.035548,0.022599,0.01807,0.016784,0.016828
12224,0.035788,0.022918,0.017958,0.016857,0.017025
12288,0.036336,0.024826,0.021236,0.019872,0.017662
12352,0.039001,0.033615,0.019448,0.023057,0.020326
12416,0.040462,0.024664,0.018651,0.016884,0.016712
12480,0.040303,0.022985,0.018436,0.017216,0.017585
12544,0.036954,0.023375,0.022388,0.019534,0.019165
12608,0.037943,0.023633,0.01864,0.016885,0.017011
12672,0.037124,0.023378,0.021206,0.018256,0.017981
12736,0.038779,0.023802,0.018807,0.017589,0.017808
12800,0.039217,0.023816,0.018866,0.01864,0.017464
12864,0.039418,0.024475,0.019063,0.017804,0.017996
12928,0.0407,0.024208,0.019047,0.017519,0.017332
12992,0.03804,0.028258,0.025,0.019536,0.023725
13056,0.046686,0.037298,0.032455,0.027759,0.02923
13120,0.040723,0.024731,0.021649,0.018365,0.018478
13184,0.040917,0.024226,0.019512,0.017795,0.017815
13248,0.038647,0.024534,0.01946,0.017727,0.017684
13312,0.040428,0.024735,0.019686,0.017825,0.017807
13376,0.041033,0.024887,0.019749,0.018255,0.018222
13440,0.041882,0.025052,0.01987,0.018018,0.018497
13504,0.046275,0.04061,0.035403,0.030495,0.024683
13568,0.040276,0.029716,0.021384,0.018745,0.018769
13632,0.040219,0.025649,0.020375,0.019118,0.018537
13696,0.042995,0.026073,0.02039,0.019001,0.018902
13760,0.046348,0.025831,0.022755,0.020587,0.019623
13824,0.042065,0.026183,0.020651,0.019337,0.019918
13888,0.040894,0.026161,0.02177,0.019303,0.01922
13952,0.043888,0.026409,0.020878,0.018925,0.018892
14016,0.041598,0.026565,0.020872,0.019575,0.019467
14080,0.044133,0.026628,0.021651,0.019721,0.019427
14144,0.042819,0.026627,0.021036,0.019268,0.027001
14208,0.043813,0.041976,0.026324,0.019742,0.025468
14272,0.049831,0.027228,0.021702,0.019899,0.019892
14336,0.042954,0.027168,0.021576,0.021054,0.020917
14400,0.042946,0.027503,0.021673,0.019673,0.020063
14464,0.043179,0.027643,0.02704,0.024346,0.030775
14528,0.043943,0.027495,0.022029,0.020285,0.020262
14592,0.045264,0.027799,0.036549,0.030761,0.020164
14656,0.048478,0.038493,0.031431,0.030103,0.030664
14720,0.050682,0.041184,0.034768,0.028926,0.03371
14784,0.057048,0.049037,0.039005,0.03027,0.0267
14848,0.044356,0.028546,0.022414,0.02448,0.025572
14912,0.044787,0.043502,0.035915,0.030785,0.030236
14976,0.047157,0.03518,0.022921,0.032553,0.028307
15040,0.045391,0.02866,0.023004,0.02188,0.020986
15104,0.049748,0.028902,0.02259,0.021006,0.028622
15168,0.050051,0.043233,0.036272,0.032165,0.029374
15232,0.047339,0.029654,0.022576,0.021244,0.022688
15296,0.054246,0.036908,0.031785,0.029948,0.030014
15360,0.051432,0.029437,0.023324,0.021781,0.022341
15424,0.053845,0.038678,0.032643,0.030698,0.027388
15488,0.049878,0.029559,0.024398,0.021693,0.021099
15552,0.047478,0.030894,0.0232,0.025995,0.027712
15616,0.051429,0.049418,0.027368,0.03155,0.031526
15680,0.054364,0.049165,0.04194,0.037745,0.024435
15744,0.049119,0.047268,0.039115,0.030177,0.029818
15808,0.052179,0.032779,0.036654,0.028526,0.024418
15872,0.052785,0.045331,0.040042,0.035208,0.02598
15936,0.06357,0.045391,0.040506,0.036411,0.036013
16000,0.052694,0.042451,0.026424,0.026497,0.035478
16064,0.048406,0.035026,0.036724,0.034972,0.033322
16128,0.055023,0.039775,0.034423,0.031788,0.030337
16192,0.052641,0.044349,0.032299,0.034565,0.034967
16256,0.055237,0.041094,0.035687,0.022541,0.024687
16320,0.050401,0.030928,0.024449,0.023017,0.022704
16384,0.04908,0.03138,0.032598,0.024365,0.02422
16448,0.048916,0.031512,0.024907,0.023975,0.025834
16512,0.057608,0.045445,0.024829,0.024037,0.023044
16576,0.059983,0.046568,0.032474,0.023794,0.024653
16640,0.051176,0.031533,0.031715,0.03319,0.036077
16704,0.053152,0.03963,0.03203,0.037129,0.038444
16768,0.059156,0.03393,0.043713,0.035743,0.033907
16832,0.057598,0.043036,0.026806,0.029442,0.03194
16896,0.052799,0.032127,0.027462,0.030833,0.033784
16960,0.053103,0.032246,0.025448,0.02445,0.023615
17024,0.053005,0.033962,0.034541,0.028909,0.023307
17088,0.050971,0.032201,0.025669,0.024206,0.023425
17152,0.05453,0.032777,0.025697,0.024289,0.023883
17216,0.053172,0.032823,0.025886,0.024642,0.024298
17280,0.057701,0.048208,0.043328,0.03799,0.037984
17344,0.056105,0.040151,0.029287,0.02644,0.027022
17408,0.054579,0.033191,0.026214,0.025181,0.024178
17472,0.05354,0.033073,0.02619,0.02526,0.024368
17536,0.054106,0.033333,0.026241,0.024541,0.024386
17600,0.052614,0.037037,0.029017,0.030085,0.024719
17664,0.05438,0.0335,0.026802,0.024788,0.024494
17728,0.064864,0.056215,0.028438,0.027665,0.031452
17792,0.0548,0.044937,0.039633,0.042453,0.039976
17856,0.055266,0.03443,0.034529,0.029182,0.027681
17920,0.053485,0.038393,0.027389,0.02539,0.027976
17984,0.053314,0.034145,0.026874,0.024992,0.025011
18048,0.058206,0.034558,0.027081,0.02554,0.03741
18112,0.061716,0.043519,0.035214,0.034632,0.025663
18176,0.057199,0.036663,0.029532,0.024672,0.026882
18240,0.055292,0.034382,0.027302,0.024794,0.024957
18304,0.053856,0.033763,0.027258,0.025319,0.025984
18368,0.056341,0.034719,0.027451,0.025506,0.025613
18432,0.055361,0.034696,0.027382,0.025574,0.026534
18496,0.054369,0.034776,0.032249,0.025803,0.025627
18560,0.056106,0.03483,0.027404,0.025525,0.025292
18624,0.058495,0.035849,0.027976,0.026203,0.025847
18688,0.059863,0.03523,0.029722,0.025543,0.032382
18752,0.05762,0.035862,0.038286,0.033199,0.042484
18816,0.055702,0.035659,0.027944,0.025887,0.025867
18880,0.05552,0.035456,0.028044,0.027828,0.02535
18944,0.062786,0.035468,0.031576,0.026383,0.025793
19008,0.063956,0.042869,0.028031,0.025524,0.026487
19072,0.055884,0.035703,0.028191,0.025882,0.027621
19136,0.058681,0.036576,0.028245,0.030316,0.026446
19200,0.058295,0.035808,0.028133,0.026418,0.026024
19264,0.056345,0.035846,0.028264,0.026388,0.026433
19328,0.058045,0.035955,0.029462,0.026644,0.02628
19392,0.057806,0.035739,0.028548,0.02641,0.026482
19456,0.05845,0.036052,0.028583,0.026649,0.026415
19520,0.058735,0.036489,0.028643,0.026749,0.026724
19584,0.058428,0.036275,0.028399,0.026702,0.026793
19648,0.057314,0.036462,0.032294,0.03,0.026674
19712,0.057787,0.036679,0.029169,0.02697,0.026795
19776,0.057589,0.03696,0.029127,0.027052,0.027072
19840,0.05903,0.03746,0.028763,0.027867,0.028361
19904,0.057741,0.036875,0.029168,0.026559,0.026762
19968,0.058251,0.037044,0.03478,0.028226,0.026888
20032,0.059484,0.037335,0.029452,0.027434,0.027427
20096,0.059349,0.039839,0.029428,0.027433,0.031286
20160,0.062497,0.037297,0.029225,0.027341,0.027461
20224,0.058948,0.03749,0.029702,0.027703,0.027388
20288,0.060944,0.037881,0.029842,0.027564,0.027333
20352,0.061786,0.037753,0.030261,0.02816,0.029245
20416,0.059464,0.03764,0.030081,0.028268,0.028171
20480,0.060445,0.037906,0.030002,0.02809,0.027781
20544,0.061405,0.037996,0.030147,0.028045,0.028684
20608,0.059692,0.038979,0.029879,0.028011,0.028016
20672,0.060319,0.038396,0.030341,0.028412,0.028198
20736,0.062754,0.038526,0.030683,0.027632,0.027879
20800,0.061685,0.038161,0.030236,0.028217,0.028413
20864,0.061317,0.038937,0.030796,0.028662,0.028609
20928,0.062894,0.038256,0.030839,0.028338,0.028085
20992,0.062831,0.039121,0.030903,0.028607,0.029365
21056,0.061664,0.042304,0.031128,0.031061,0.02882
21120,0.062312,0.039121,0.030995,0.028937,0.028804
21184,0.067893,0.040534,0.031374,0.028897,0.030121
21248,0.062593,0.038484,0.030808,0.028672,0.02843
21312,0.061942,0.039272,0.03165,0.029119,0.029116
21376,0.064415,0.039261,0.031745,0.028621,0.028348
21440,0.062456,0.039513,0.031091,0.028384,0.028455
21504,0.065102,0.03998,0.03185,0.028871,0.03002
21568,0.062352,0.042592,0.031289,0.030511,0.031056
21632,0.063446,0.040437,0.031964,0.029845,0.029562
21696,0.063397,0.040628,0.031865,0.028943,0.029217
21760,0.064642,0.04061,0.031924,0.030262,0.029795
21824,0.066051,0.040221,0.031841,0.029856,0.029967
21888,0.0638,0.040723,0.03219,0.029995,0.030127
21952,0.064728,0.040844,0.03237,0.030111,0.029876
22016,0.066064,0.040216,0.032165,0.029172,0.029268
22080,0.067142,0.042588,0.032114,0.030024,0.030103
22144,0.065968,0.041276,0.032618,0.034402,0.032695
22208,0.067582,0.046183,0.034201,0.033057,0.035789
22272,0.06734,0.052687,0.033057,0.03054,0.031625
22336,0.066403,0.041984,0.033564,0.031981,0.032265
22400,0.068141,0.048165,0.0376,0.036236,0.033348
22464,0.068956,0.044724,0.035898,0.030792,0.03051
22528,0.068915,0.044267,0.03385,0.031253,0.032065
22592,0.069123,0.042492,0.034045,0.031755,0.031111
22656,0.071469,0.042219,0.033418,0.03118,0.031181
22720,0.0679,0.042261,0.033581,0.031214,0.03123
22784,0.070021,0.04193,0.03376,0.031199,0.030901
22848,0.066916,0.043069,0.033623,0.03055,0.030545
22912,0.070644,0.042937,0.034579,0.032111,0.031225
22976,0.068888,0.042815,0.03392,0.032088,0.03121
23040,0.070368,0.042786,0.034023,0.031588,0.031621
23104,0.071777,0.043104,0.033901,0.031949,0.031441
23168,0.068006,0.043378,0.034478,0.031121,0.031175
23232,0.068847,0.04277,0.033807,0.031432,0.031507
23296,0.067693,0.04322,0.034185,0.032349,0.031651
23360,0.069283,0.043621,0.035049,0.032086,0.031987
23424,0.070339,0.043952,0.034727,0.031634,0.031767
23488,0.068575,0.043811,0.03457,0.031619,0.031891
23552,0.069817,0.043525,0.03418,0.032087,0.031698
23616,0.069536,0.04383,0.034986,0.031718,0.031713
23680,0.073924,0.044258,0.034877,0.03263,0.033253
23744,0.070376,0.044268,0.034952,0.032328,0.032362
23808,0.069377,0.044292,0.035087,0.032378,0.032332
23872,0.070491,0.044445,0.035101,0.032317,0.032151
23936,0.069855,0.045038,0.034983,0.033145,0.032457
24000,0.070217,0.044534,0.035338,0.03291,0.032938
24064,0.070482,0.044859,0.035375,0.03226,0.032077
24128,0.071456,0.044954,0.035669,0.032339,0.032554
24192,0.070295,0.045017,0.035659,0.033143,0.034047
24256,0.070727,0.045051,0.035592,0.033357,0.033097
24320,0.070919,0.045224,0.035804,0.033334,0.033224
24384,0.072802,0.044833,0.035484,0.03306,0.033196
24448,0.070554,0.045378,0.035982,0.033436,0.033162
24512,0.070529,0.044829,0.035486,0.033371,0.033177
24576,0.071037,0.045353,0.036403,0.03359,0.03346
24640,0.074681,0.045528,0.037402,0.034104,0.037277
24704,0.071524,0.045824,0.03783,0.034464,0.032974
24768,0.072848,0.045347,0.035887,0.033736,0.03382
24832,0.074206,0.045969,0.036771,0.033225,0.034993
24896,0.072311,0.045349,0.037081,0.033744,0.033602
24960,0.072316,0.048142,0.036458,0.037139,0.033177
25024,0.073639,0.04663,0.036754,0.034191,0.033762
25088,0.073166,0.046334,0.03676,0.034101,0.03396
25152,0.074768,0.046848,0.037321,0.034322,0.034287
25216,0.073346,0.047049,0.037061,0.034656,0.034217
25280,0.074604,0.046549,0.036885,0.034736,0.034426
25344,0.073814,0.047316,0.037668,0.034582,0.034452
25408,0.074624,0.046838,0.037302,0.034817,0.034866
25472,0.074171,0.046916,0.03765,0.03509,0.034829
25536,0.074515,0.047752,0.03791,0.035068,0.034738
25600,0.077782,0.047655,0.037645,0.036768,0.034698
25664,0.075038,0.048063,0.037973,0.035374,0.035337
25728,0.079057,0.047881,0.037863,0.035295,0.035247
25792,0.07752,0.047934,0.038083,0.034578,0.034624
25856,0.077697,0.048093,0.03821,0.035155,0.034781
25920,0.07485,0.048046,0.038232,0.034678,0.03488
25984,0.077487,0.047973,0.037842,0.035507,0.035308
26048,0.079439,0.04864,0.038221,0.035342,0.034826
26112,0.075892,0.048848,0.03844,0.035078,0.034994
26176,0.076102,0.048872,0.038772,0.035814,0.035684
26240,0.076257,0.047528,0.038271,0.035689,0.035738
26304,0.076561,0.048815,0.038799,0.036068,0.036229
26368,0.078434,0.049054,0.041217,0.035793,0.038226
26432,0.078002,0.04887,0.038847,0.036277,0.036113
26496,0.077673,0.048329,0.03869,0.036114,0.03599
26560,0.078553,0.048752,0.039218,0.040909,0.036168
26624,0.079621,0.048844,0.038618,0.035892,0.03603
26688,0.078634,0.049486,0.039206,0.035894,0.035888
26752,0.080279,0.049902,0.039366,0.035679,0.035807
26816,0.077991,0.050355,0.039255,0.035818,0.035766
26880,0.078297,0.049434,0.039148,0.03677,0.036378
26944,0.080167,0.050062,0.039653,0.036254,0.036413
27008,0.080143,0.049936,0.039553,0.036751,0.036039
27072,0.079023,0.049734,0.039432,0.037038,0.036789
27136,0.083882,0.050579,0.039928,0.037065,0.037087
27200,0.082632,0.050857,0.040145,0.03682,0.037067
27264,0.080034,0.050397,0.040125,0.03721,0.036456
27328,0.079716,0.050368,0.03981,0.036434,0.036437
27392,0.081715,0.051882,0.040516,0.037479,0.037047
27456,0.083532,0.051156,0.040237,0.037059,0.036924
27520,0.080184,0.053483,0.039775,0.03733,0.037469
27584,0.081918,0.051135,0.040816,0.037417,0.037445
27648,0.080936,0.05157,0.040649,0.038063,0.037722
27712,0.080798,0.056175,0.040542,0.040131,0.037377
27776,0.08076,0.050818,0.041412,0.038279,0.037959
27840,0.081482,0.05161,0.040709,0.03761,0.037408
27904,0.084169,0.051881,0.041075,0.038122,0.038335
27968,0.08172,0.051206,0.042866,0.038027,0.038792
28032,0.082682,0.052212,0.041198,0.038277,0.039175
28096,0.086647,0.051997,0.041616,0.038586,0.038314
28160,0.082554,0.050479,0.040926,0.038085,0.038225
28224,0.082725,0.052478,0.041477,0.037638,0.037616
28288,0.086197,0.051792,0.041435,0.038646,0.038416
28352,0.087248,0.052898,0.041887,0.039102,0.038815
28416,0.082875,0.053043,0.041711,0.039047,0.038748
28480,0.083065,0.053047,0.041972,0.039114,0.038991
28544,0.083251,0.053165,0.041988,0.039166,0.038917
28608,0.086371,0.053354,0.042193,0.038854,0.038542
28672,0.084939,0.052123,0.042246,0.038947,0.038907
28736,0.083285,0.053225,0.042812,0.039323,0.039327
28800,0.088523,0.053643,0.042629,0.038628,0.038404
28864,0.083839,0.053609,0.042277,0.04311,0.039244
28928,0.084184,0.054019,0.042523,0.039619,0.039925
28992,0.084659,0.053756,0.042647,0.038738,0.038755
29056,0.085759,0.052798,0.042914,0.038984,0.038871
29120,0.084924,0.054041,0.04282,0.050743,0.039769
29184,0.085399,0.053575,0.042537,0.039645,0.039569
29248,0.087496,0.054435,0.042975,0.039919,0.039862
29312,0.086252,0.053371,0.043018,0.039041,0.038949
29376,0.088442,0.054426,0.043131,0.040099,0.040046
29440,0.086224,0.054786,0.043267,0.040313,0.039902
29504,0.08999,0.054894,0.043304,0.040457,0.040206
29568,0.086246,0.055279,0.043442,0.039393,0.039428
29632,0.08945,0.054293,0.04388,0.039827,0.039959
29696,0.086407,0.054115,0.043029,0.040199,0.040121
29760,0.089941,0.055262,0.044229,0.040496,0.040636
29824,0.087141,0.05543,0.044011,0.040386,0.04034
29888,0.089199,0.054684,0.044035,0.040564,0.040718
29952,0.088247,0.056035,0.044036,0.040353,0.042743
30016,0.087332,0.05536,0.049594,0.039524,0.042611
30080,0.087602,0.055777,0.044484,0.041473,0.041018
30144,0.091492,0.056164,0.044352,0.041098,0.041208
30208,0.087978,0.055942,0.044515,0.041318,0.041191
30272,0.088271,0.056665,0.044432,0.041364,0.041325
30336,0.092566,0.056453,0.044619,0.043813,0.04127
30400,0.088479,0.056651,0.044782,0.041168,0.041075
30464,0.089406,0.055547,0.044237,0.041082,0.041185
30528,0.08979,0.05661,0.044836,0.041597,0.041476
30592,0.091074,0.056962,0.045061,0.041707,0.041551
30656,0.089662,0.056367,0.044702,0.042667,0.041218
30720,0.092022,0.056895,0.044768,0.041911,0.041829
30784,0.089482,0.057157,0.045138,0.042066,0.041773
30848,0.090972,0.057572,0.04529,0.04248,0.042172
30912,0.090683,0.057773,0.045763,0.042451,0.04275
30976,0.093054,0.056885,0.045909,0.04205,0.041924
31040,0.092735,0.058277,0.050068,0.04271,0.043045
31104,0.090809,0.057734,0.045651,0.041257,0.041319
31168,0.090865,0.057955,0.04581,0.042897,0.042547
31232,0.092785,0.057855,0.049355,0.043606,0.045601
31296,0.089844,0.057422,0.045175,0.042515,0.042403
31360,0.092898,0.058456,0.046347,0.042493,0.042666
31424,0.091344,0.058154,0.045923,0.041719,0.042382
31488,0.092411,0.058687,0.047658,0.044381,0.046785
31552,0.094683,0.059234,0.046393,0.046007,0.04268
31616,0.092873,0.05881,0.047003,0.042928,0.043268
31680,0.092848,0.056831,0.04671,0.042373,0.042223
31744,0.09674,0.059053,0.046776,0.043703,0.044815
31808,0.092278,0.058829,0.046578,0.043482,0.043351
31872,0.094196,0.059124,0.04715,0.042733,0.042631
31936,0.094387,0.057451,0.046571,0.042631,0.042529
32000,0.094334,0.059443,0.04747,0.043961,0.045105
32064,0.095496,0.059717,0.047629,0.044162,0.043909
32128,0.097508,0.060254,0.047693,0.044155,0.045176
32192,0.096291,0.058297,0.047299,0.043559,0.043251
32256,0.094453,0.060019,0.04772,0.044556,0.044328
32320,0.096095,0.059288,0.047566,0.04511,0.044387
32384,0.095504,0.060487,0.047648,0.044402,0.044133
32448,0.095238,0.060468,0.04794,0.044844,0.04455
32512,0.095409,0.061926,0.047875,0.046167,0.046448
32576,0.095915,0.059683,0.047903,0.044824,0.044719
32640,0.095595,0.060254,0.048332,0.045146,0.044522
32704,0.097271,0.060192,0.048367,0.044389,0.043918
32768,0.097993,0.060055,0.048047,0.045158,0.044879
32832,0.097141,0.059845,0.048317,0.04552,0.044869
32896,0.097278,0.060606,0.048652,0.045411,0.044819
32960,0.097131,0.061751,0.048733,0.047004,0.045011
33024,0.097658,0.060893,0.048278,0.045253,0.044882
33088,0.097467,0.06095,0.048486,0.044473,0.044308
33152,0.098152,0.062738,0.048595,0.047088,0.044779
33216,0.099449,0.061116,0.048641,0.044802,0.044474
33280,0.099063,0.061897,0.053212,0.04366,0.04806
33344,0.097724,0.061872,0.048925,0.045638,0.045445
33408,0.097336,0.06216,0.049722,0.045305,0.044651
33472,0.101125,0.061441,0.049572,0.04488,0.045416
33536,0.098075,0.060885,0.049018,0.045758,0.045658
33600,0.098916,0.063471,0.050121,0.049279,0.045141
33664,0.099049,0.062674,0.049661,0.045296,0.048291
33728,0.098616,0.062806,0.049503,0.045412,0.045602
33792,0.097788,0.063186,0.049378,0.048181,0.045664
33856,0.099406,0.063382,0.050912,0.046424,0.045763
33920,0.09843,0.063073,0.050153,0.046586,0.046659
33984,0.098334,0.062599,0.049346,0.046213,0.046269
34048,0.102082,0.06341,0.050232,0.046981,0.046393
34112,0.09866,0.062651,0.049767,0.046209,0.045955
34176,0.100366,0.063297,0.050244,0.047091,0.046678
34240,0.101741,0.063842,0.050649,0.047294,0.046935
34304,0.102808,0.065644,0.050061,0.053642,0.048749
34368,0.102141,0.062952,0.050583,0.051865,0.046787
34432,0.100207,0.063201,0.050759,0.047093,0.046955
34496,0.100306,0.06942,0.050119,0.047094,0.046971
34560,0.099859,0.063375,0.050418,0.0472,0.047015
34624,0.100664,0.064476,0.051023,0.04694,0.046879
34688,0.104012,0.064002,0.051342,0.048384,0.049962
34752,0.102433,0.063575,0.051347,0.047673,0.047191
34816,0.106245,0.063886,0.052367,0.047948,0.049944
34880,0.102239,0.065025,0.051398,0.047831,0.047925
34944,0.10231,0.066003,0.051583,0.049036,0.049045
35008,0.103338,0.064723,0.051422,0.048218,0.048096
35072,0.103143,0.064415,0.05196,0.048914,0.047949
35136,0.102409,0.064225,0.051649,0.049891,0.047155
35200,0.102867,0.064857,0.05191,0.061314,0.048294
35264,0.102849,0.065672,0.051953,0.053299,0.047347
35328,0.103951,0.065581,0.052153,0.048334,0.048385
35392,0.103228,0.06596,0.051989,0.048513,0.048421
35456,0.103388,0.065263,0.051951,0.048425,0.048222
35520,0.104602,0.065584,0.052489,0.05346,0.048444
35584,0.102364,0.064644,0.052168,0.051535,0.048209
35648,0.103449,0.065564,0.052745,0.049219,0.049274
35712,0.106241,0.067482,0.052436,0.050524,0.050379
35776,0.105194,0.067494,0.051618,0.04842,0.049205
35840,0.103929,0.066565,0.052886,0.04833,0.048107
35904,0.106678,0.066743,0.052953,0.049734,0.049227
35968,0.106259,0.06865,0.056468,0.05285,0.051273
36032,0.104744,0.066676,0.052711,0.049372,0.049303
36096,0.106947,0.067273,0.053151,0.049928,0.049305
36160,0.111054,0.067727,0.053238,0.05199,0.04951
36224,0.10511,0.067151,0.053483,0.048737,0.048424
36288,0.105791,0.067708,0.053622,0.049491,0.049116
36352,0.107852,0.068067,0.053665,0.05115,0.049891
36416,0.10681,0.06668,0.053626,0.050136,0.049628
36480,0.108181,0.067676,0.053597,0.048788,0.048973
36544,0.109098,0.07272,0.054291,0.05594,0.051312
36608,0.106102,0.068073,0.053724,0.050398,0.049548
36672,0.106727,0.068228,0.053969,0.049378,0.049908
36736,0.109405,0.067444,0.054033,0.050855,0.050317
36800,0.108552,0.06848,0.054283,0.050616,0.050531
36864,0.109017,0.068292,0.053773,0.050694,0.050731
36928,0.109963,0.068251,0.053895,0.050784,0.050832
36992,0.109375,0.068777,0.054291,0.050939,0.052135
37056,0.108968,0.068699,0.054339,0.050823,0.050647
37120,0.109319,0.068594,0.054267,0.05086,0.050123
37184,0.108382,0.069426,0.054956,0.051348,0.051136
37248,0.109661,0.069398,0.055098,0.049691,0.049863
37312,0.112035,0.069385,0.054878,0.051126,0.05096
37376,0.109042,0.069635,0.055246,0.050281,0.050237
37440,0.109394,0.0698,0.055273,0.051688,0.051303
37504,0.109389,0.069973,0.055491,0.05167,0.051068
37568,0.108824,0.072186,0.055015,0.055141,0.051551
37632,0.109465,0.070625,0.056292,0.051614,0.052112
37696,0.110322,0.070169,0.055493,0.051633,0.051656
37760,0.111141,0.070327,0.055741,0.051253,0.05337
37824,0.111863,0.07049,0.056843,0.051986,0.051189
37888,0.11135,0.070529,0.055617,0.052504,0.050573
37952,0.111446,0.072741,0.05686,0.05459,0.053813
38016,0.113047,0.070854,0.056619,0.052478,0.05504
38080,0.11189,0.071527,0.057435,0.05291,0.051173
38144,0.114699,0.071626,0.056691,0.051425,0.051155
38208,0.113574,0.071546,0.056623,0.052052,0.051418
38272,0.110752,0.071095,0.056944,0.051549,0.051225
38336,0.116092,0.11319,0.057721,0.058424,0.05403
38400,0.116104,0.07831,0.061309,0.061846,0.061262
38464,0.115615,0.07434,0.057064,0.057069,0.05435
38528,0.113634,0.072514,0.059936,0.054265,0.054868
38592,0.112881,0.071985,0.057682,0.052153,0.053005
38656,0.113073,0.071781,0.057882,0.051958,0.053079
38720,0.116819,0.07246,0.057641,0.052968,0.052854
38784,0.112973,0.071274,0.057502,0.05284,0.054915
38848,0.114409,0.072273,0.05756,0.052686,0.051909
38912,0.113713,0.072332,0.058509,0.052086,0.054256
38976,0.115771,0.071636,0.060406,0.058901,0.053674
39040,0.114661,0.072563,0.058546,0.060223,0.05638
39104,0.117966,0.073318,0.05899,0.056869,0.053917
39168,0.116388,0.072776,0.058559,0.060318,0.056614
39232,0.117214,0.073157,0.059156,0.054954,0.054092
39296,0.117072,0.073315,0.058863,0.053946,0.053666
39360,0.11461,0.073122,0.058877,0.053131,0.053475
39424,0.113929,0.072384,0.058647,0.054029,0.05325
39488,0.116117,0.075729,0.059916,0.060527,0.055238
39552,0.116622,0.074114,0.059344,0.053155,0.056384
39616,0.115688,0.07361,0.059282,0.054368,0.053573
39680,0.115401,0.073812,0.05868,0.053923,0.053716
39744,0.11963,0.076847,0.061845,0.055667,0.054187
39808,0.117722,0.076717,0.058961,0.056801,0.056361
39872,0.116977,0.074407,0.059475,0.054044,0.054492
39936,0.120209,0.073937,0.059982,0.054024,0.053529
40000,0.117172,0.07374,0.059659,0.05905,0.054182
40064,0.1189,0.074597,0.059201,0.055689,0.054688
40128,0.115789,0.073558,0.058874,0.053711,0.053582
40192,0.11772,0.074786,0.060045,0.054987,0.055377
40256,0.119298,0.074109,0.060745,0.056304,0.054973
40320,0.118101,0.074115,0.060873,0.055653,0.053926
40384,0.11936,0.074813,0.060741,0.056354,0.055229
40448,0.118831,0.074504,0.060676,0.056087,0.055467
40512,0.120395,0.075651,0.061288,0.058396,0.054947
40576,0.120487,0.076354,0.059301,0.063424,0.082213
40640,0.119754,0.075221,0.059513,0.057231,0.055454
40704,0.119001,0.07447,0.060951,0.054225,0.064928
40768,0.121695,0.076088,0.059812,0.059062,0.056632
40832,0.122852,0.076489,0.062021,0.056951,0.056244
40896,0.121531,0.076747,0.061147,0.055288,0.056124
40960,0.120276,0.076314,0.061237,0.055331,0.056128
41024,0.120265,0.076282,0.061693,0.055483,0.055816
41088,0.120117,0.075724,0.061275,0.060641,0.056936
41152,0.120133,0.076823,0.0619,0.058993,0.055727
41216,0.120843,0.076754,0.061732,0.063465,0.056824
41280,0.120415,0.077072,0.062084,0.085797,0.073721
41344,0.123157,0.077656,0.062105,0.062499,0.056425
41408,0.121297,0.076941,0.062037,0.059271,0.055863
41472,0.121999,0.076672,0.062197,0.061876,0.057739
41536,0.121387,0.077796,0.062847,0.065098,0.056736
41600,0.126214,0.085835,0.069089,0.066406,0.060736
41664,0.122288,0.077731,0.062574,0.062646,0.057121
41728,0.121395,0.076885,0.062225,0.05737,0.056412
41792,0.121976,0.077925,0.065201,0.057002,0.057737
41856,0.122935,0.077439,0.062626,0.057209,0.060338
41920,0.123894,0.077352,0.062576,0.05867,0.057925
41984,0.122869,0.078315,0.063154,0.057446,0.056611
42048,0.122797,0.078313,0.062868,0.056874,0.057314
42112,0.123113,0.07903,0.063601,0.058337,0.05797
42176,0.121962,0.077447,0.06241,0.057315,0.05665
42240,0.123923,0.078906,0.063325,0.057321,0.057098
42304,0.123574,0.078883,0.06329,0.057862,0.056992
42368,0.123652,0.078971,0.068002,0.058975,0.056753
42432,0.124196,0.079414,0.063673,0.05919,0.058382
42496,0.124157,0.079432,0.063166,0.058539,0.06455
42560,0.138349,0.079463,0.063202,0.058416,0.058209
42624,0.124328,0.078996,0.063792,0.058891,0.059496
42688,0.128667,0.079479,0.063962,0.059665,0.058528
42752,0.125989,0.083384,0.066485,0.062,0.062142
42816,0.125211,0.080372,0.064503,0.057644,0.058228
42880,0.128668,0.08018,0.064242,0.058306,0.057675
42944,0.124637,0.078912,0.064497,0.060726,0.059368
43008,0.125883,0.08039,0.068813,0.062061,0.061676
43072,0.12575,0.080052,0.065394,0.059927,0.05864
43136,0.126819,0.080933,0.065097,0.059906,0.058663
43200,0.125771,0.080213,0.064128,0.061545,0.058151
43264,0.126711,0.080641,0.064506,0.059394,0.059314
43328,0.127033,0.080501,0.064854,0.05881,0.058622
43392,0.126644,0.080678,0.065165,0.059368,0.058518
43456,0.128408,0.079913,0.064594,0.059334,0.059324
43520,0.126982,0.080931,0.065367,0.060381,0.059371
43584,0.127446,0.081045,0.06571,0.060815,0.060361
43648,0.130468,0.081239,0.065151,0.060014,0.06177
43712,0.128295,0.081154,0.06565,0.060344,0.059519
43776,0.126544,0.080509,0.065642,0.060476,0.059692
43840,0.128902,0.08143,0.065565,0.059188,0.058394
43904,0.129019,0.080515,0.065781,0.063006,0.060412
43968,0.128717,0.081197,0.065812,0.065211,0.065463
44032,0.127201,0.080917,0.065893,0.061128,0.061489
44096,0.1317,0.085259,0.065968,0.063794,0.061182
44160,0.128522,0.081994,0.06601,0.059472,0.059237
44224,0.132187,0.08432,0.067864,0.066958,0.063559
44288,0.12976,0.082419,0.066429,0.061278,0.060836
44352,0.13014,0.082478,0.066691,0.059848,0.060766
44416,0.130163,0.08254,0.066871,0.068287,0.064841
44480,0.130223,0.08339,0.067524,0.060425,0.059989
44544,0.130594,0.0833,0.067236,0.065935,0.059998
44608,0.130272,0.083186,0.067239,0.061655,0.061343
44672,0.130535,0.083227,0.06755,0.063561,0.061494
44736,0.131097,0.082812,0.067136,0.068014,0.061371
44800,0.133413,0.082466,0.067435,0.062257,0.062363
44864,0.131023,0.083675,0.06784,0.062426,0.062557
44928,0.132024,0.083882,0.067358,0.06147,0.063559
44992,0.131559,0.08389,0.067362,0.063528,0.062211
45056,0.134045,0.083819,0.067253,0.062043,0.061859
45120,0.131831,0.083991,0.068028,0.061165,0.062283
45184,0.130393,0.083757,0.067777,0.062139,0.064128
45248,0.133992,0.084305,0.067596,0.065472,0.062079
45312,0.132144,0.083693,0.067955,0.065867,0.061722
45376,0.134933,0.085054,0.068767,0.071291,0.062565
45440,0.133412,0.084824,0.068942,0.066954,0.062303
45504,0.135511,0.084752,0.072145,0.062736,0.064079
45568,0.135714,0.08385,0.068279,0.068008,0.065841
45632,0.133662,0.084497,0.068488,0.063831,0.062266
45696,0.133283,0.085296,0.068693,0.062984,0.062387
45760,0.135227,0.085201,0.068683,0.062966,0.062117
45824,0.134374,0.084237,0.068886,0.06213,0.062217
45888,0.134558,0.085694,0.06939,0.065768,0.063199
45952,0.135017,0.085846,0.068941,0.065257,0.062352
46016,0.134568,0.085686,0.069102,0.064994,0.061631
46080,0.135191,0.085264,0.068876,0.0633,0.063661
46144,0.134979,0.086664,0.073542,0.066634,0.064996
46208,0.133177,0.085066,0.068849,0.063464,0.06303
46272,0.13572,0.086395,0.069202,0.063138,0.063139
46336,0.13529,0.086147,0.069373,0.064873,0.063838
46400,0.135735,0.087289,0.070585,0.064258,0.063623
46464,0.139057,0.088293,0.073663,0.065342,0.063864
46528,0.138251,0.086459,0.070104,0.065168,0.063566
46592,0.135149,0.085747,0.075116,0.066238,0.066619
46656,0.1356,0.086993,0.070523,0.066654,0.064222
46720,0.138263,0.086891,0.07013,0.066086,0.064167
46784,0.137687,0.087695,0.070554,0.064753,0.064296
46848,0.13695,0.087823,0.070762,0.066678,0.064695
46912,0.138603,0.086997,0.070231,0.064669,0.064275
46976,0.138583,0.08745,0.070443,0.064634,0.064412
47040,0.140678,0.091153,0.070961,0.064881,0.063739
47104,0.138412,0.088975,0.071114,0.070024,0.06986
47168,0.137914,0.087481,0.076065,0.067888,0.066116
47232,0.135996,0.086857,0.071101,0.063925,0.063827
47296,0.140656,0.088049,0.071081,0.065034,0.064893
47360,0.138909,0.087564,0.071106,0.065042,0.0646
47424,0.138753,0.08811,0.071155,0.065681,0.065226
47488,0.138747,0.08874,0.071796,0.06556,0.065081
47552,0.139302,0.088558,0.071471,0.064532,0.065362
47616,0.14458,0.090458,0.075823,0.065233,0.06673
47680,0.138371,0.088437,0.071744,0.066208,0.06568
47744,0.142213,0.088868,0.071667,0.064615,0.065546
47808,0.13961,0.089023,0.072568,0.066251,0.066042
47872,0.14007,0.08923,0.072151,0.065761,0.065903
47936,0.140498,0.089139,0.071935,0.067864,0.065147
48000,0.140836,0.088445,0.071225,0.06545,0.065147
48064,0.142323,0.089034,0.07247,0.066865,0.064637
48128,0.141925,0.089607,0.07255,0.066029,0.066145
48192,0.140387,0.088796,0.072448,0.066218,0.066432
48256,0.140951,0.089926,0.072755,0.069968,0.065049
48320,0.14246,0.089585,0.07411,0.068136,0.06636
48384,0.141638,0.089458,0.072754,0.068389,0.066272
48448,0.143224,0.088586,0.072609,0.068037,0.066403
48512,0.145536,0.090321,0.074865,0.070489,0.065831
48576,0.141833,0.0904,0.073296,0.065848,0.065632
48640,0.142103,0.090418,0.073173,0.071262,0.066858
48704,0.145055,0.092359,0.073615,0.067691,0.067239
48768,0.142,0.090482,0.07321,0.067142,0.066856
48832,0.144681,0.091486,0.075095,0.071031,0.068495
48896,0.142844,0.09017,0.073641,0.068135,0.066597
48960,0.143307,0.0904,0.07379,0.068755,0.068048
49024,0.143844,0.093987,0.074676,0.070135,0.070097
49088,0.141602,0.093025,0.075705,0.072978,0.070438
49152,0.14525,0.091281,0.073587,0.066086,0.065606
49216,0.143851,0.092002,0.074429,0.066505,0.066167
49280,0.143894,0.090866,0.07333,0.071551,0.067559
49344,0.144746,0.091796,0.074386,0.066738,0.066238
49408,0.144257,0.092492,0.073882,0.066839,0.066307
49472,0.146256,0.091523,0.074144,0.0676,0.066979
49536,0.142568,0.090944,0.073792,0.06967,0.069208
49600,0.146547,0.092288,0.074712,0.067608,0.066827
49664,0.151864,0.09288,0.076045,0.07636,0.104238
49728,0.145122,0.091891,0.07513,0.069896,0.067873
49792,0.14538,0.092294,0.075067,0.067502,0.069903
49856,0.146325,0.092603,0.079859,0.07097,0.068934
49920,0.145884,0.093315,0.075528,0.068952,0.067146
49984,0.147326,0.093011,0.075172,0.069955,0.068885
50048,0.148715,0.093216,0.075626,0.068115,0.067648
50112,0.146796,0.096285,0.075373,0.070245,0.072234
50176,0.146846,0.093566,0.075681,0.069596,0.067917
50240,0.146784,0.093605,0.075431,0.075051,0.068937
50304,0.150837,0.096384,0.075336,0.076488,0.069809
50368,0.147885,0.095094,0.077584,0.073236,0.06793
50432,0.146837,0.096317,0.075461,0.071537,0.070277
50496,0.149339,0.093676,0.075663,0.069483,0.069476
50560,0.151773,0.09382,0.076423,0.074574,0.069433
50624,0.146417,0.092804,0.075621,0.070966,0.0695
50688,0.150279,0.093782,0.076463,0.071546,0.073224
50752,0.14748,0.094274,0.076488,0.071424,0.06982
50816,0.148979,0.092731,0.075698,0.070622,0.073382
50880,0.150314,0.094078,0.076209,0.071599,0.070334
50944,0.147185,0.09316,0.076603,0.071536,0.071929
51008,0.148761,0.094616,0.076784,0.070251,0.070113
51072,0.14882,0.095436,0.076274,0.068546,0.072995
51136,0.152615,0.094965,0.076338,0.07079,0.070313
51200,0.15252,0.095459,0.077386,0.069564,0.068394
51264,0.150451,0.097717,0.081025,0.070568,0.071034
51328,0.150329,0.095523,0.077077,0.070913,0.07082
51392,0.150549,0.095493,0.077807,0.071114,0.0694
51456,0.149507,0.097621,0.07722,0.072731,0.075535
51520,0.152004,0.095136,0.077877,0.070592,0.070409
51584,0.153818,0.09658,0.077224,0.071135,0.073817
51648,0.150639,0.096095,0.077564,0.07137,0.071656
51712,0.155545,0.096472,0.078557,0.072865,0.073483
51776,0.155751,0.096652,0.078589,0.080696,0.072049
51840,0.152257,0.09649,0.078692,0.081248,0.074088
51904,0.152961,0.096946,0.078203,0.078334,0.071309
51968,0.149569,0.09577,0.077714,0.071197,0.070949
52032,0.154462,0.096489,0.07805,0.071433,0.071222
52096,0.15111,0.095885,0.07813,0.072021,0.070254
52160,0.152298,0.096966,0.078571,0.071771,0.071877
52224,0.154355,0.096809,0.078259,0.073156,0.070236
52288,0.152241,0.096607,0.078409,0.070048,0.070327
52352,0.153058,0.097158,0.079117,0.073729,0.071852
52416,0.154768,0.096676,0.078953,0.073668,0.072325
52480,0.152781,0.096761,0.081474,0.112439,0.112433
52544,0.155009,0.098315,0.079108,0.072459,0.072543
52608,0.15169,0.097083,0.082539,0.073315,0.07507
52672,0.1552,0.098128,0.079011,0.071767,0.071968
52736,0.153717,0.099673,0.078344,0.07338,0.071835
52800,0.154223,0.097529,0.079361,0.072189,0.071937
52864,0.154317,0.097877,0.079722,0.074176,0.072641
52928,0.155011,0.097846,0.08006,0.075085,0.073626
52992,0.154861,0.098344,0.080242,0.073242,0.071855
53056,0.155837,0.098448,0.080009,0.072489,0.071582
53120,0.15704,0.100267,0.084319,0.075329,0.077324
53184,0.155666,0.098809,0.080312,0.075564,0.074179
53248,0.155826,0.099084,0.080647,0.076471,0.073161
53312,0.156626,0.099455,0.079875,0.073615,0.072978
53376,0.155404,0.098499,0.079894,0.073332,0.072731
53440,0.156104,0.099458,0.080974,0.073759,0.072261
53504,0.158472,0.099915,0.080773,0.075969,0.076747
53568,0.159085,0.100352,0.080694,0.072549,0.073548
53632,0.161566,0.099248,0.080755,0.073805,0.077107
53696,0.155923,0.099679,0.080591,0.074933,0.072761
53760,0.157363,0.099283,0.081247,0.075492,0.077617
53824,0.15859,0.099381,0.081259,0.076463,0.072904
53888,0.157335,0.099411,0.081012,0.075267,0.076717
53952,0.159358,0.099782,0.081305,0.075521,0.073226
54016,0.158799,0.101373,0.081924,0.078086,0.074223
54080,0.158344,0.100173,0.081541,0.081804,0.073325
54144,0.158636,0.099899,0.081629,0.083907,0.077502
54208,0.158644,0.100147,0.081995,0.075373,0.074416
54272,0.159028,0.100475,0.082022,0.074163,0.07354
54336,0.16086,0.099529,0.08128,0.074935,0.072927
54400,0.160534,0.101467,0.081511,0.075413,0.07467
54464,0.159153,0.10159,0.082277,0.076108,0.073555
54528,0.159709,0.099596,0.081485,0.08173,0.07907
54592,0.159605,0.101751,0.08239,0.075448,0.075116
54656,0.160266,0.101823,0.081645,0.08238,0.074811
54720,0.160082,0.102312,0.082407,0.075399,0.07553
54784,0.160438,0.101809,0.082281,0.08063,0.077662
54848,0.160555,0.101665,0.082617,0.077716,0.075586
54912,0.161057,0.101567,0.083009,0.076445,0.076786
54976,0.161128,0.103252,0.082659,0.079091,0.076256
55040,0.160263,0.10144,0.082265,0.075927,0.075209
55104,0.161602,0.106941,0.099427,0.074558,0.074265
55168,0.163503,0.103465,0.08348,0.079233,0.079196
55232,0.159042,0.101866,0.083054,0.077116,0.07544
55296,0.163359,0.101781,0.083641,0.076577,0.079415
55360,0.166121,0.103043,0.083529,0.077507,0.077572
55424,0.162485,0.103017,0.083594,0.077354,0.074657
55488,0.162177,0.103347,0.083756,0.076879,0.076167
55552,0.164696,0.103247,0.083989,0.076768,0.076848
55616,0.162625,0.102534,0.084004,0.079023,0.07659
55680,0.162921,0.103055,0.084103,0.078777,0.08071
55744,0.163724,0.102231,0.083674,0.076686,0.076055
55808,0.163199,0.10382,0.083822,0.077552,0.079432
55872,0.17004,0.102903,0.086278,0.081304,0.075961
55936,0.16452,0.104193,0.084471,0.078225,0.076819
56000,0.163657,0.102297,0.083847,0.079315,0.07686
56064,0.164901,0.103513,0.084245,0.08138,0.076647
56128,0.164366,0.103816,0.084562,0.080364,0.077202
56192,0.167274,0.104261,0.084808,0.079491,0.081545
56256,0.162936,0.103514,0.084347,0.076267,0.075637
56320,0.166823,0.106315,0.088597,0.081498,0.079719
56384,0.164725,0.103882,0.084805,0.081844,0.077713
56448,0.165186,0.105255,0.085294,0.080421,0.083974
56512,0.167097,0.104784,0.085181,0.080066,0.078735
56576,0.164826,0.103376,0.084688,0.077175,0.076608
56640,0.166002,0.104444,0.085201,0.079183,0.077887
56704,0.165964,0.105159,0.08433,0.079846,0.0806
56768,0.167067,0.104781,0.086087,0.084191,0.078277
56832,0.165653,0.103887,0.084702,0.080283,0.07822
56896,0.167014,0.104914,0.085524,0.088158,0.078354
56960,0.169551,0.106134,0.085951,0.080524,0.082678
57024,0.166934,0.105886,0.085545,0.078747,0.078243
57088,0.165906,0.104991,0.085378,0.080638,0.080567
57152,0.167648,0.106563,0.087767,0.078281,0.07847
57216,0.171661,0.10643,0.086198,0.07842,0.08097
57280,0.167709,0.106067,0.086406,0.080203,0.079187
57344,0.168153,0.106519,0.086981,0.079281,0.082428
57408,0.16822,0.1051,0.086077,0.079646,0.079507
57472,0.169464,0.106405,0.086741,0.079619,0.081792
57536,0.169853,0.106223,0.086848,0.079429,0.07942
57600,0.166863,0.105244,0.08649,0.07878,0.079341
57664,0.16856,0.107017,0.088194,0.079343,0.078474
57728,0.170475,0.107567,0.08744,0.081277,0.082747
57792,0.17051,0.107519,0.085661,0.084076,0.080527
57856,0.167362,0.105141,0.087139,0.079876,0.082718
57920,0.171429,0.106291,0.087195,0.095167,0.076718
57984,0.168048,0.107659,0.087454,0.085324,0.082923
58048,0.169566,0.108176,0.087346,0.08018,0.081397
58112,0.170581,0.109721,0.088918,0.082778,0.082979
58176,0.173352,0.10801,0.087478,0.091356,0.079747
58240,0.170614,0.108832,0.089899,0.079937,0.081648
58304,0.172065,0.108232,0.088292,0.080294,0.080179
58368,0.170205,0.108669,0.087938,0.086627,0.080275
58432,0.172267,0.109301,0.088105,0.079244,0.078854
58496,0.171531,0.108235,0.092875,0.086618,0.081305
58560,0.170733,0.108784,0.088385,0.083249,0.079307
58624,0.171954,0.108908,0.088149,0.081845,0.079973
58688,0.170647,0.107444,0.087788,0.08118,0.079331
58752,0.17349,0.108665,0.088472,0.083362,0.080814
58816,0.173578,0.109357,0.089789,0.10655,0.088587
58880,0.172806,0.108748,0.088078,0.08017,0.084756
58944,0.1761,0.10979,0.094294,0.092678,0.082051
59008,0.174351,0.109692,0.088434,0.079757,0.084232
59072,0.172591,0.109023,0.089026,0.083298,0.080056
59136,0.173605,0.109414,0.089009,0.085757,0.08148
59200,0.173729,0.110001,0.089329,0.083842,0.079765
59264,0.171549,0.109781,0.089476,0.091958,0.08625
59328,0.174731,0.110562,0.089058,0.080415,0.082643
59392,0.173763,0.109836,0.089091,0.080679,0.081794
59456,0.173933,0.109671,0.090427,0.082758,0.082542
59520,0.176291,0.109987,0.089927,0.083119,0.084392
59584,0.173869,0.113911,0.092901,0.084431,0.085292
59648,0.177892,0.110232,0.090302,0.084586,0.087147
59712,0.175523,0.110318,0.090942,0.085435,0.08345
59776,0.175563,0.113774,0.092086,0.085382,0.088345
59840,0.178032,0.113853,0.090522,0.086034,0.082709
59904,0.1775,0.111507,0.090573,0.081281,0.081008
59968,0.176138,0.114942,0.090834,0.090627,0.082864
60032,0.1786,0.111134,0.091202,0.084487,0.083925
60096,0.177266,0.115104,0.090796,0.08472,0.082164
60160,0.17696,0.112255,0.091429,0.08318,0.081732
60224,0.177169,0.111937,0.090431,0.082265,0.082667
60288,0.177743,0.11236,0.090821,0.083132,0.0861
60352,0.186521,0.112424,0.090434,0.083185,0.085503
60416,0.176239,0.111869,0.090901,0.083673,0.084991
60480,0.177476,0.112771,0.09169,0.082695,0.083657
60544,0.176056,0.111956,0.091151,0.08188,0.085528
60608,0.180857,0.112666,0.091541,0.084515,0.082619
60672,0.177848,0.112644,0.091545,0.083702,0.084427
60736,0.179832,0.112977,0.091882,0.083018,0.082557
60800,0.176824,0.112687,0.09205,0.082896,0.083436
60864,0.181263,0.112712,0.091484,0.083373,0.082778
60928,0.179012,0.113433,0.092377,0.082806,0.082672
60992,0.181807,0.112369,0.092003,0.088622,0.083705
61056,0.178586,0.113167,0.091756,0.087044,0.084073
61120,0.180339,0.116021,0.095045,0.088794,0.087763
61184,0.179164,0.113097,0.092745,0.08654,0.085174
61248,0.18532,0.112837,0.09222,0.08539,0.084378
61312,0.17974,0.116387,0.09296,0.088896,0.091347
61376,0.182244,0.116958,0.096983,0.086253,0.086894
61440,0.181432,0.114144,0.092876,0.084767,0.087679
61504,0.182079,0.114421,0.09285,0.085134,0.086439
61568,0.177145,0.113434,0.092402,0.082791,0.086413
61632,0.181204,0.114709,0.093174,0.08519,0.084181
61696,0.182847,0.11446,0.093045,0.084317,0.086187
61760,0.182596,0.118505,0.095346,0.088072,0.088274
61824,0.181365,0.114128,0.093028,0.084454,0.087052
61888,0.181179,0.11406,0.093919,0.090196,0.086485
61952,0.181205,0.115189,0.093415,0.097149,0.088269
62016,0.181289,0.116159,0.093756,0.085449,0.084773
62080,0.182172,0.115989,0.093727,0.085739,0.087526
62144,0.182435,0.11575,0.093493,0.086155,0.086879
62208,0.186117,0.116557,0.094057,0.089332,0.090395
62272,0.185967,0.116202,0.099065,0.091205,0.085385
62336,0.186084,0.116641,0.093097,0.087236,0.085337
62400,0.182392,0.116845,0.094798,0.088695,0.086957
62464,0.183527,0.115416,0.094294,0.086562,0.086267
62528,0.182083,0.114669,0.093799,0.087601,0.086954
62592,0.186501,0.117682,0.097386,0.092789,0.092086
62656,0.183466,0.117018,0.094335,0.090652,0.088683
62720,0.183915,0.116459,0.094928,0.085797,0.085934
62784,0.186932,0.116173,0.098331,0.092348,0.086906
62848,0.183945,0.115849,0.093693,0.084585,0.085925
62912,0.18496,0.116247,0.095027,0.088047,0.086219
62976,0.189431,0.11659,0.099327,0.088871,0.089517
63040,0.186199,0.117726,0.098307,0.087481,0.090481
63104,0.185242,0.116961,0.095748,0.091375,0.08685
63168,0.187745,0.117854,0.097697,0.091938,0.087761
63232,0.185168,0.117007,0.095928,0.090402,0.085154
63296,0.186591,0.119132,0.09705,0.085575,0.091843
63360,0.184962,0.117645,0.094274,0.087986,0.09172
63424,0.185871,0.117155,0.094729,0.090062,0.089611
63488,0.186145,0.117674,0.095404,0.093606,0.09068
63552,0.190623,0.117861,0.094691,0.089985,0.0893
63616,0.184264,0.116811,0.093983,0.088091,0.089176
63680,0.186588,0.11807,0.095341,0.089274,0.089764
63744,0.184834,0.116989,0.094292,0.090187,0.090247
63808,0.186501,0.118365,0.095246,0.087782,0.087983
63872,0.188157,0.118689,0.095388,0.089337,0.090489
63936,0.186504,0.118277,0.095219,0.088995,0.090306
64000,0.188014,0.118696,0.095827,0.089907,0.088187
64064,0.187611,0.118529,0.096352,0.089375,0.090819
64128,0.18772,0.119123,0.096272,0.090327,0.09106
64192,0.18877,0.118749,0.095476,0.088848,0.088983
64256,0.187719,0.118961,0.096306,0.088593,0.087999
64320,0.188768,0.119053,0.095618,0.089086,0.090976
64384,0.18856,0.119876,0.096462,0.089007,0.0906
64448,0.189578,0.11852,0.095041,0.08832,0.093922
64512,0.190662,0.120191,0.096878,0.089447,0.091175
64576,0.192658,0.120086,0.095608,0.089501,0.090431
64640,0.189149,0.120712,0.097143,0.089694,0.091174
64704,0.1882,0.121385,0.097322,0.092172,0.093796
64768,0.190736,0.119655,0.097288,0.089695,0.091102
64832,0.192319,0.120416,0.097151,0.092253,0.091824
64896,0.191619,0.118966,0.096019,0.088476,0.086626
64960,0.189307,0.120282,0.09485,0.092019,0.09174
65024,0.189423,0.125454,0.098241,0.089938,0.093347
65088,0.190952,0.12133,0.097307,0.088985,0.092197
65152,0.190153,0.120419,0.096177,0.090258,0.092026
65216,0.191765,0.121536,0.097544,0.09111,0.089689
65280,0.190114,0.119851,0.097144,0.092387,0.091429
65344,0.193628,0.123117,0.098531,0.093622,0.095836
65408,0.189306,0.121568,0.097269,0.092572,0.090478
65472,0.193114,0.121765,0.097485,0.090299,0.08997
65536,0.195461,0.122577,0.099898,0.092056,0.095536
